ID_alt	themeLabel_alt	themeLabel_neu	ID_neu
http://zora.uni-trier.de:11000/entity/Q2741	(art) gothique	(art) gothique	http://data.mimotext.uni-trier.de/entity/Q2760
http://zora.uni-trier.de:11000/entity/Q2742	absolutisme éclairé	absolutisme éclairé	http://data.mimotext.uni-trier.de/entity/Q2761
http://zora.uni-trier.de:11000/entity/Q2743	abus de mots	abus de mots	http://data.mimotext.uni-trier.de/entity/Q2762
http://zora.uni-trier.de:11000/entity/Q2744	académie	académie	http://data.mimotext.uni-trier.de/entity/Q2763
http://zora.uni-trier.de:11000/entity/Q2745	accouchement	accouchement	http://data.mimotext.uni-trier.de/entity/Q2764
http://zora.uni-trier.de:11000/entity/Q2746	acoustique	acoustique	http://data.mimotext.uni-trier.de/entity/Q2765
http://zora.uni-trier.de:11000/entity/Q2747	administration	administration	http://data.mimotext.uni-trier.de/entity/Q2766
http://zora.uni-trier.de:11000/entity/Q2748	affinité	affinité	http://data.mimotext.uni-trier.de/entity/Q2767
http://zora.uni-trier.de:11000/entity/Q2749	agriculture	agriculture	http://data.mimotext.uni-trier.de/entity/Q2768
http://zora.uni-trier.de:11000/entity/Q2750	aide sociale	aide sociale	http://data.mimotext.uni-trier.de/entity/Q2769
http://zora.uni-trier.de:11000/entity/Q2751	alchimie	alchimie	http://data.mimotext.uni-trier.de/entity/Q2770
http://zora.uni-trier.de:11000/entity/Q2752	algèbre	algèbre	http://data.mimotext.uni-trier.de/entity/Q2771
http://zora.uni-trier.de:11000/entity/Q2753	alimentation	alimentation	http://data.mimotext.uni-trier.de/entity/Q2772
http://zora.uni-trier.de:11000/entity/Q2754	allégorie	allégorie	http://data.mimotext.uni-trier.de/entity/Q2773
http://zora.uni-trier.de:11000/entity/Q2755	âme	âme	http://data.mimotext.uni-trier.de/entity/Q2774
http://zora.uni-trier.de:11000/entity/Q2756	amitié	amitié	http://data.mimotext.uni-trier.de/entity/Q2775
http://zora.uni-trier.de:11000/entity/Q2757	amour	amour	http://data.mimotext.uni-trier.de/entity/Q2776
http://zora.uni-trier.de:11000/entity/Q2758	anarchie	anarchie	http://data.mimotext.uni-trier.de/entity/Q2777
http://zora.uni-trier.de:11000/entity/Q2759	anatomie	anatomie	http://data.mimotext.uni-trier.de/entity/Q2778
http://zora.uni-trier.de:11000/entity/Q2760	anthropocentrisme	anthropocentrisme	http://data.mimotext.uni-trier.de/entity/Q2779
http://zora.uni-trier.de:11000/entity/Q2761	Anti-Lumières	Anti-Lumières	http://data.mimotext.uni-trier.de/entity/Q2780
http://zora.uni-trier.de:11000/entity/Q2762	antiquité	antiquité	http://data.mimotext.uni-trier.de/entity/Q2781
http://zora.uni-trier.de:11000/entity/Q2763	anxiété	anxiété	http://data.mimotext.uni-trier.de/entity/Q2782
http://zora.uni-trier.de:11000/entity/Q2764	apologétique	apologétique	http://data.mimotext.uni-trier.de/entity/Q2783
http://zora.uni-trier.de:11000/entity/Q2765	archéologie	archéologie	http://data.mimotext.uni-trier.de/entity/Q2784
http://zora.uni-trier.de:11000/entity/Q2766	architecture	architecture	http://data.mimotext.uni-trier.de/entity/Q2785
http://zora.uni-trier.de:11000/entity/Q2767	armée	armée	http://data.mimotext.uni-trier.de/entity/Q2786
http://zora.uni-trier.de:11000/entity/Q2768	art	art	http://data.mimotext.uni-trier.de/entity/Q2787
http://zora.uni-trier.de:11000/entity/Q2769	astronomie	astronomie	http://data.mimotext.uni-trier.de/entity/Q2788
http://zora.uni-trier.de:11000/entity/Q2770	athéisme	athéisme	http://data.mimotext.uni-trier.de/entity/Q2789
http://zora.uni-trier.de:11000/entity/Q2771	attraction	attraction	http://data.mimotext.uni-trier.de/entity/Q2790
http://zora.uni-trier.de:11000/entity/Q2772	autobiographie	autobiographie	http://data.mimotext.uni-trier.de/entity/Q2791
http://zora.uni-trier.de:11000/entity/Q2773	autoréflexivité	autoréflexivité	http://data.mimotext.uni-trier.de/entity/Q2792
http://zora.uni-trier.de:11000/entity/Q2774	aventure	aventure	http://data.mimotext.uni-trier.de/entity/Q2793
http://zora.uni-trier.de:11000/entity/Q2775	balistique	balistique	http://data.mimotext.uni-trier.de/entity/Q2794
http://zora.uni-trier.de:11000/entity/Q2776	banque	banque	http://data.mimotext.uni-trier.de/entity/Q2795
http://zora.uni-trier.de:11000/entity/Q2777	barbare	barbare	http://data.mimotext.uni-trier.de/entity/Q2796
http://zora.uni-trier.de:11000/entity/Q2778	baroque	baroque	http://data.mimotext.uni-trier.de/entity/Q2797
http://zora.uni-trier.de:11000/entity/Q2779	beauté	beauté	http://data.mimotext.uni-trier.de/entity/Q2798
http://zora.uni-trier.de:11000/entity/Q2780	bible	bible	http://data.mimotext.uni-trier.de/entity/Q2799
http://zora.uni-trier.de:11000/entity/Q2781	bibliophilie	bibliophilie	http://data.mimotext.uni-trier.de/entity/Q2800
http://zora.uni-trier.de:11000/entity/Q2782	bibliothèque	bibliothèque	http://data.mimotext.uni-trier.de/entity/Q2801
http://zora.uni-trier.de:11000/entity/Q2783	bien	bien	http://data.mimotext.uni-trier.de/entity/Q2802
http://zora.uni-trier.de:11000/entity/Q2784	bienfaisance	bienfaisance	http://data.mimotext.uni-trier.de/entity/Q2803
http://zora.uni-trier.de:11000/entity/Q2785	bonheur	bonheur	http://data.mimotext.uni-trier.de/entity/Q2804
http://zora.uni-trier.de:11000/entity/Q2786	botanique	botanique	http://data.mimotext.uni-trier.de/entity/Q2805
http://zora.uni-trier.de:11000/entity/Q2787	bouffon	bouffon	http://data.mimotext.uni-trier.de/entity/Q2806
http://zora.uni-trier.de:11000/entity/Q2788	bureaucratie	bureaucratie	http://data.mimotext.uni-trier.de/entity/Q2807
http://zora.uni-trier.de:11000/entity/Q2789	Capitalisme	Capitalisme	http://data.mimotext.uni-trier.de/entity/Q2808
http://zora.uni-trier.de:11000/entity/Q2790	Caricature	Caricature	http://data.mimotext.uni-trier.de/entity/Q2809
http://zora.uni-trier.de:11000/entity/Q2791	cartographie	cartographie	http://data.mimotext.uni-trier.de/entity/Q2810
http://zora.uni-trier.de:11000/entity/Q2792	castration	castration	http://data.mimotext.uni-trier.de/entity/Q2811
http://zora.uni-trier.de:11000/entity/Q2793	catastrophe	catastrophe	http://data.mimotext.uni-trier.de/entity/Q2812
http://zora.uni-trier.de:11000/entity/Q2794	catholicisme	catholicisme	http://data.mimotext.uni-trier.de/entity/Q2813
http://zora.uni-trier.de:11000/entity/Q2795	censure	censure	http://data.mimotext.uni-trier.de/entity/Q2814
http://zora.uni-trier.de:11000/entity/Q2796	chaleur	chaleur	http://data.mimotext.uni-trier.de/entity/Q2815
http://zora.uni-trier.de:11000/entity/Q2797	chanson	chanson	http://data.mimotext.uni-trier.de/entity/Q2816
http://zora.uni-trier.de:11000/entity/Q2798	chevalerie	chevalerie	http://data.mimotext.uni-trier.de/entity/Q2817
http://zora.uni-trier.de:11000/entity/Q2799	chimie	chimie	http://data.mimotext.uni-trier.de/entity/Q2818
http://zora.uni-trier.de:11000/entity/Q2800	chirurgie	chirurgie	http://data.mimotext.uni-trier.de/entity/Q2819
http://zora.uni-trier.de:11000/entity/Q2801	christianisme	christianisme	http://data.mimotext.uni-trier.de/entity/Q2820
http://zora.uni-trier.de:11000/entity/Q2802	citoyenneté	citoyenneté	http://data.mimotext.uni-trier.de/entity/Q2821
http://zora.uni-trier.de:11000/entity/Q2803	civilisation	civilisation	http://data.mimotext.uni-trier.de/entity/Q2822
http://zora.uni-trier.de:11000/entity/Q2804	classe sociale	classe sociale	http://data.mimotext.uni-trier.de/entity/Q2823
http://zora.uni-trier.de:11000/entity/Q2805	classicisme	classicisme	http://data.mimotext.uni-trier.de/entity/Q2824
http://zora.uni-trier.de:11000/entity/Q2806	classification	classification	http://data.mimotext.uni-trier.de/entity/Q2825
http://zora.uni-trier.de:11000/entity/Q2807	clergé	clergé	http://data.mimotext.uni-trier.de/entity/Q2826
http://zora.uni-trier.de:11000/entity/Q2808	collectivisme	collectivisme	http://data.mimotext.uni-trier.de/entity/Q2827
http://zora.uni-trier.de:11000/entity/Q2809	colonialisme	colonialisme	http://data.mimotext.uni-trier.de/entity/Q2828
http://zora.uni-trier.de:11000/entity/Q2810	colportage	colportage	http://data.mimotext.uni-trier.de/entity/Q2829
http://zora.uni-trier.de:11000/entity/Q2811	comédie	comédie	http://data.mimotext.uni-trier.de/entity/Q2830
http://zora.uni-trier.de:11000/entity/Q2812	Commedia dell'arte	Commedia dell'arte	http://data.mimotext.uni-trier.de/entity/Q2831
http://zora.uni-trier.de:11000/entity/Q2813	commerce	commerce	http://data.mimotext.uni-trier.de/entity/Q2832
http://zora.uni-trier.de:11000/entity/Q2814	communauté	communauté	http://data.mimotext.uni-trier.de/entity/Q2833
http://zora.uni-trier.de:11000/entity/Q2815	confrérie	confrérie	http://data.mimotext.uni-trier.de/entity/Q2834
http://zora.uni-trier.de:11000/entity/Q2816	conte	conte	http://data.mimotext.uni-trier.de/entity/Q2835
http://zora.uni-trier.de:11000/entity/Q2817	conte merveilleux/de fées	conte merveilleux/de fées	http://data.mimotext.uni-trier.de/entity/Q2836
http://zora.uni-trier.de:11000/entity/Q2818	contingence	contingence	http://data.mimotext.uni-trier.de/entity/Q2837
http://zora.uni-trier.de:11000/entity/Q2819	Contrat social	Contrat social	http://data.mimotext.uni-trier.de/entity/Q2838
http://zora.uni-trier.de:11000/entity/Q2820	contre-révolution	contre-révolution	http://data.mimotext.uni-trier.de/entity/Q2839
http://zora.uni-trier.de:11000/entity/Q2821	conversation	conversation	http://data.mimotext.uni-trier.de/entity/Q2840
http://zora.uni-trier.de:11000/entity/Q2822	conversion religieuse	conversion religieuse	http://data.mimotext.uni-trier.de/entity/Q2841
http://zora.uni-trier.de:11000/entity/Q2823	corporation	corporation	http://data.mimotext.uni-trier.de/entity/Q2842
http://zora.uni-trier.de:11000/entity/Q2824	corps	corps	http://data.mimotext.uni-trier.de/entity/Q2843
http://zora.uni-trier.de:11000/entity/Q2825	correspondance	correspondance	http://data.mimotext.uni-trier.de/entity/Q2844
http://zora.uni-trier.de:11000/entity/Q2826	correspondance littéraire	correspondance littéraire	http://data.mimotext.uni-trier.de/entity/Q2845
http://zora.uni-trier.de:11000/entity/Q2827	cosmopolitisme	cosmopolitisme	http://data.mimotext.uni-trier.de/entity/Q2846
http://zora.uni-trier.de:11000/entity/Q2828	couleur	couleur	http://data.mimotext.uni-trier.de/entity/Q2847
http://zora.uni-trier.de:11000/entity/Q2829	crime	crime	http://data.mimotext.uni-trier.de/entity/Q2848
http://zora.uni-trier.de:11000/entity/Q2830	critique d'art	critique d'art	http://data.mimotext.uni-trier.de/entity/Q2849
http://zora.uni-trier.de:11000/entity/Q2831	critique sociale	critique sociale	http://data.mimotext.uni-trier.de/entity/Q2850
http://zora.uni-trier.de:11000/entity/Q2832	culpabilité	culpabilité	http://data.mimotext.uni-trier.de/entity/Q2851
http://zora.uni-trier.de:11000/entity/Q2833	culture populaire	culture populaire	http://data.mimotext.uni-trier.de/entity/Q2852
http://zora.uni-trier.de:11000/entity/Q2834	curiosité	curiosité	http://data.mimotext.uni-trier.de/entity/Q2853
http://zora.uni-trier.de:11000/entity/Q2835	danse	danse	http://data.mimotext.uni-trier.de/entity/Q2854
http://zora.uni-trier.de:11000/entity/Q2836	décadence	décadence	http://data.mimotext.uni-trier.de/entity/Q2855
http://zora.uni-trier.de:11000/entity/Q2837	déchristianisation	déchristianisation	http://data.mimotext.uni-trier.de/entity/Q2856
http://zora.uni-trier.de:11000/entity/Q2838	décoration	décoration	http://data.mimotext.uni-trier.de/entity/Q2857
http://zora.uni-trier.de:11000/entity/Q2839	déisme	déisme	http://data.mimotext.uni-trier.de/entity/Q2858
http://zora.uni-trier.de:11000/entity/Q2840	démocratie	démocratie	http://data.mimotext.uni-trier.de/entity/Q2859
http://zora.uni-trier.de:11000/entity/Q2841	démographie	démographie	http://data.mimotext.uni-trier.de/entity/Q2860
http://zora.uni-trier.de:11000/entity/Q2842	dérision	dérision	http://data.mimotext.uni-trier.de/entity/Q2861
http://zora.uni-trier.de:11000/entity/Q2843	dessin	dessin	http://data.mimotext.uni-trier.de/entity/Q2862
http://zora.uni-trier.de:11000/entity/Q2844	destin	destin	http://data.mimotext.uni-trier.de/entity/Q2863
http://zora.uni-trier.de:11000/entity/Q2845	deuil	deuil	http://data.mimotext.uni-trier.de/entity/Q2864
http://zora.uni-trier.de:11000/entity/Q2846	devoir	devoir	http://data.mimotext.uni-trier.de/entity/Q2865
http://zora.uni-trier.de:11000/entity/Q2847	diable	diable	http://data.mimotext.uni-trier.de/entity/Q2866
http://zora.uni-trier.de:11000/entity/Q2848	dialogue	dialogue	http://data.mimotext.uni-trier.de/entity/Q2867
http://zora.uni-trier.de:11000/entity/Q2849	dictionnaire	dictionnaire	http://data.mimotext.uni-trier.de/entity/Q2868
http://zora.uni-trier.de:11000/entity/Q2850	Dieu	Dieu	http://data.mimotext.uni-trier.de/entity/Q2869
http://zora.uni-trier.de:11000/entity/Q2851	difformité	difformité	http://data.mimotext.uni-trier.de/entity/Q2870
http://zora.uni-trier.de:11000/entity/Q2852	dilettantisme	dilettantisme	http://data.mimotext.uni-trier.de/entity/Q2871
http://zora.uni-trier.de:11000/entity/Q2853	domestique	domestique	http://data.mimotext.uni-trier.de/entity/Q2872
http://zora.uni-trier.de:11000/entity/Q2854	drame	drame	http://data.mimotext.uni-trier.de/entity/Q2873
http://zora.uni-trier.de:11000/entity/Q2855	droit	droit	http://data.mimotext.uni-trier.de/entity/Q2874
http://zora.uni-trier.de:11000/entity/Q2856	droit naturel	droit naturel	http://data.mimotext.uni-trier.de/entity/Q2875
http://zora.uni-trier.de:11000/entity/Q2857	droit public	droit public	http://data.mimotext.uni-trier.de/entity/Q2876
http://zora.uni-trier.de:11000/entity/Q2858	droits de l'homme	droits de l'homme	http://data.mimotext.uni-trier.de/entity/Q2877
http://zora.uni-trier.de:11000/entity/Q2859	dystopie	dystopie	http://data.mimotext.uni-trier.de/entity/Q2878
http://zora.uni-trier.de:11000/entity/Q2860	éclectisme	éclectisme	http://data.mimotext.uni-trier.de/entity/Q2879
http://zora.uni-trier.de:11000/entity/Q2861	économie	économie	http://data.mimotext.uni-trier.de/entity/Q2880
http://zora.uni-trier.de:11000/entity/Q2862	écriture	écriture	http://data.mimotext.uni-trier.de/entity/Q2881
http://zora.uni-trier.de:11000/entity/Q2863	éducation	éducation	http://data.mimotext.uni-trier.de/entity/Q2882
http://zora.uni-trier.de:11000/entity/Q2864	égalité	égalité	http://data.mimotext.uni-trier.de/entity/Q2883
http://zora.uni-trier.de:11000/entity/Q2865	égoïsme	égoïsme	http://data.mimotext.uni-trier.de/entity/Q2884
http://zora.uni-trier.de:11000/entity/Q2866	égyptomanie	égyptomanie	http://data.mimotext.uni-trier.de/entity/Q2885
http://zora.uni-trier.de:11000/entity/Q2867	électricité	électricité	http://data.mimotext.uni-trier.de/entity/Q2886
http://zora.uni-trier.de:11000/entity/Q2868	éloquence	éloquence	http://data.mimotext.uni-trier.de/entity/Q2887
http://zora.uni-trier.de:11000/entity/Q2869	empirisme	empirisme	http://data.mimotext.uni-trier.de/entity/Q2888
http://zora.uni-trier.de:11000/entity/Q2870	encyclopédie	encyclopédie	http://data.mimotext.uni-trier.de/entity/Q2889
http://zora.uni-trier.de:11000/entity/Q2871	énergie	énergie	http://data.mimotext.uni-trier.de/entity/Q2890
http://zora.uni-trier.de:11000/entity/Q2872	enfance	enfance	http://data.mimotext.uni-trier.de/entity/Q2891
http://zora.uni-trier.de:11000/entity/Q2873	enthousiasme	enthousiasme	http://data.mimotext.uni-trier.de/entity/Q2892
http://zora.uni-trier.de:11000/entity/Q2874	envie	envie	http://data.mimotext.uni-trier.de/entity/Q2893
http://zora.uni-trier.de:11000/entity/Q2875	épicurisme	épicurisme	http://data.mimotext.uni-trier.de/entity/Q2894
http://zora.uni-trier.de:11000/entity/Q2876	érotisme	érotisme	http://data.mimotext.uni-trier.de/entity/Q2895
http://zora.uni-trier.de:11000/entity/Q2877	esclavage	esclavage	http://data.mimotext.uni-trier.de/entity/Q2896
http://zora.uni-trier.de:11000/entity/Q2878	espèce	espèce	http://data.mimotext.uni-trier.de/entity/Q2897
http://zora.uni-trier.de:11000/entity/Q2879	espoir	espoir	http://data.mimotext.uni-trier.de/entity/Q2898
http://zora.uni-trier.de:11000/entity/Q2880	essai	essai	http://data.mimotext.uni-trier.de/entity/Q2899
http://zora.uni-trier.de:11000/entity/Q2881	esthétique	esthétique	http://data.mimotext.uni-trier.de/entity/Q2900
http://zora.uni-trier.de:11000/entity/Q2882	État	état	http://data.mimotext.uni-trier.de/entity/Q2901
http://zora.uni-trier.de:11000/entity/Q2883	état de nature	état de nature	http://data.mimotext.uni-trier.de/entity/Q2902
http://zora.uni-trier.de:11000/entity/Q10	être humain	être humain	http://data.mimotext.uni-trier.de/entity/Q2903
http://zora.uni-trier.de:11000/entity/Q2884	exotisme	exotisme	http://data.mimotext.uni-trier.de/entity/Q2904
http://zora.uni-trier.de:11000/entity/Q2885	expérience	expérience	http://data.mimotext.uni-trier.de/entity/Q2905
http://zora.uni-trier.de:11000/entity/Q2886	fable	fable	http://data.mimotext.uni-trier.de/entity/Q2906
http://zora.uni-trier.de:11000/entity/Q2887	famille	famille	http://data.mimotext.uni-trier.de/entity/Q2907
http://zora.uni-trier.de:11000/entity/Q2888	fanatisme	fanatisme	http://data.mimotext.uni-trier.de/entity/Q2908
http://zora.uni-trier.de:11000/entity/Q2889	féminisme	féminisme	http://data.mimotext.uni-trier.de/entity/Q2909
http://zora.uni-trier.de:11000/entity/Q2890	femme de lettres	femme de lettres	http://data.mimotext.uni-trier.de/entity/Q2910
http://zora.uni-trier.de:11000/entity/Q2891	femme fatale	femme fatale	http://data.mimotext.uni-trier.de/entity/Q2911
http://zora.uni-trier.de:11000/entity/Q2892	féodalité	féodalité	http://data.mimotext.uni-trier.de/entity/Q2912
http://zora.uni-trier.de:11000/entity/Q2893	fête	fête	http://data.mimotext.uni-trier.de/entity/Q2913
http://zora.uni-trier.de:11000/entity/Q2894	finance	finance	http://data.mimotext.uni-trier.de/entity/Q2914
http://zora.uni-trier.de:11000/entity/Q2895	folie	folie	http://data.mimotext.uni-trier.de/entity/Q2915
http://zora.uni-trier.de:11000/entity/Q2896	franc-maçonnerie	franc-maçonnerie	http://data.mimotext.uni-trier.de/entity/Q2916
http://zora.uni-trier.de:11000/entity/Q2897	fuite	fuite	http://data.mimotext.uni-trier.de/entity/Q2917
http://zora.uni-trier.de:11000/entity/Q2898	futur	futur	http://data.mimotext.uni-trier.de/entity/Q2918
http://zora.uni-trier.de:11000/entity/Q2899	galanterie	galanterie	http://data.mimotext.uni-trier.de/entity/Q2919
http://zora.uni-trier.de:11000/entity/Q2900	génération	génération	http://data.mimotext.uni-trier.de/entity/Q2920
http://zora.uni-trier.de:11000/entity/Q2901	génie	génie	http://data.mimotext.uni-trier.de/entity/Q2921
http://zora.uni-trier.de:11000/entity/Q2902	géographie	géographie	http://data.mimotext.uni-trier.de/entity/Q2922
http://zora.uni-trier.de:11000/entity/Q2903	géologie	géologie	http://data.mimotext.uni-trier.de/entity/Q2923
http://zora.uni-trier.de:11000/entity/Q2904	géométrie	géométrie	http://data.mimotext.uni-trier.de/entity/Q2924
http://zora.uni-trier.de:11000/entity/Q2905	goût	goût	http://data.mimotext.uni-trier.de/entity/Q2925
http://zora.uni-trier.de:11000/entity/Q2906	gouvernement	gouvernement	http://data.mimotext.uni-trier.de/entity/Q2926
http://zora.uni-trier.de:11000/entity/Q2907	grammaire	grammaire	http://data.mimotext.uni-trier.de/entity/Q2927
http://zora.uni-trier.de:11000/entity/Q2908	Grand Tour	Grand Tour	http://data.mimotext.uni-trier.de/entity/Q2928
http://zora.uni-trier.de:11000/entity/Q2909	grotesque	grotesque	http://data.mimotext.uni-trier.de/entity/Q2929
http://zora.uni-trier.de:11000/entity/Q2910	guerre	guerre	http://data.mimotext.uni-trier.de/entity/Q2930
http://zora.uni-trier.de:11000/entity/Q2911	haine	haine	http://data.mimotext.uni-trier.de/entity/Q2931
http://zora.uni-trier.de:11000/entity/Q2912	héros	héros	http://data.mimotext.uni-trier.de/entity/Q2932
http://zora.uni-trier.de:11000/entity/Q2913	histoire	histoire	http://data.mimotext.uni-trier.de/entity/Q2933
http://zora.uni-trier.de:11000/entity/Q2914	histoire naturelle	histoire naturelle	http://data.mimotext.uni-trier.de/entity/Q2934
http://zora.uni-trier.de:11000/entity/Q2915	humanité	humanité	http://data.mimotext.uni-trier.de/entity/Q2935
http://zora.uni-trier.de:11000/entity/Q2916	hypocrisie	hypocrisie	http://data.mimotext.uni-trier.de/entity/Q2936
http://zora.uni-trier.de:11000/entity/Q2917	idéal	idéal	http://data.mimotext.uni-trier.de/entity/Q2937
http://zora.uni-trier.de:11000/entity/Q2918	idée	idée	http://data.mimotext.uni-trier.de/entity/Q2938
http://zora.uni-trier.de:11000/entity/Q2919	identité	identité	http://data.mimotext.uni-trier.de/entity/Q2939
http://zora.uni-trier.de:11000/entity/Q2920	idéologie	idéologie	http://data.mimotext.uni-trier.de/entity/Q2940
http://zora.uni-trier.de:11000/entity/Q2921	idolâtrie	idolâtrie	http://data.mimotext.uni-trier.de/entity/Q2941
http://zora.uni-trier.de:11000/entity/Q2922	illusion	illusion	http://data.mimotext.uni-trier.de/entity/Q2942
http://zora.uni-trier.de:11000/entity/Q2923	illustration	illustration	http://data.mimotext.uni-trier.de/entity/Q2943
http://zora.uni-trier.de:11000/entity/Q2924	imagination	imagination	http://data.mimotext.uni-trier.de/entity/Q2944
http://zora.uni-trier.de:11000/entity/Q2925	imitation	imitation	http://data.mimotext.uni-trier.de/entity/Q2945
http://zora.uni-trier.de:11000/entity/Q2926	imprimerie	imprimerie	http://data.mimotext.uni-trier.de/entity/Q2946
http://zora.uni-trier.de:11000/entity/Q2927	inceste	inceste	http://data.mimotext.uni-trier.de/entity/Q2947
http://zora.uni-trier.de:11000/entity/Q2928	individualisme	individualisme	http://data.mimotext.uni-trier.de/entity/Q2948
http://zora.uni-trier.de:11000/entity/Q2929	industrialisation	industrialisation	http://data.mimotext.uni-trier.de/entity/Q2949
http://zora.uni-trier.de:11000/entity/Q2930	inimitié	inimitié	http://data.mimotext.uni-trier.de/entity/Q2950
http://zora.uni-trier.de:11000/entity/Q2931	inspiration	inspiration	http://data.mimotext.uni-trier.de/entity/Q2951
http://zora.uni-trier.de:11000/entity/Q2932	interaction	interaction	http://data.mimotext.uni-trier.de/entity/Q2952
http://zora.uni-trier.de:11000/entity/Q2933	ironie	ironie	http://data.mimotext.uni-trier.de/entity/Q2953
http://zora.uni-trier.de:11000/entity/Q2934	Islam	Islam	http://data.mimotext.uni-trier.de/entity/Q2954
http://zora.uni-trier.de:11000/entity/Q2935	jalousie	jalousie	http://data.mimotext.uni-trier.de/entity/Q2955
http://zora.uni-trier.de:11000/entity/Q2936	jésuite	jésuite	http://data.mimotext.uni-trier.de/entity/Q2956
http://zora.uni-trier.de:11000/entity/Q2937	joie	joie	http://data.mimotext.uni-trier.de/entity/Q2957
http://zora.uni-trier.de:11000/entity/Q2938	journalisme	journalisme	http://data.mimotext.uni-trier.de/entity/Q2958
http://zora.uni-trier.de:11000/entity/Q2939	Judaïsme	Judaïsme	http://data.mimotext.uni-trier.de/entity/Q2959
http://zora.uni-trier.de:11000/entity/Q2940	jugement	jugement	http://data.mimotext.uni-trier.de/entity/Q2960
http://zora.uni-trier.de:11000/entity/Q2941	justice	justice	http://data.mimotext.uni-trier.de/entity/Q2961
http://zora.uni-trier.de:11000/entity/Q2942	justice	justice	http://data.mimotext.uni-trier.de/entity/Q2962
http://zora.uni-trier.de:11000/entity/Q2943	laïcisation	laïcisation	http://data.mimotext.uni-trier.de/entity/Q2963
http://zora.uni-trier.de:11000/entity/Q2944	laideur	laideur	http://data.mimotext.uni-trier.de/entity/Q2964
http://zora.uni-trier.de:11000/entity/Q2945	langue	langue	http://data.mimotext.uni-trier.de/entity/Q2965
http://zora.uni-trier.de:11000/entity/Q2946	lecture	lecture	http://data.mimotext.uni-trier.de/entity/Q2966
http://zora.uni-trier.de:11000/entity/Q2947	libéralisme	libéralisme	http://data.mimotext.uni-trier.de/entity/Q2967
http://zora.uni-trier.de:11000/entity/Q2948	liberté	liberté	http://data.mimotext.uni-trier.de/entity/Q2968
http://zora.uni-trier.de:11000/entity/Q2949	libertinage	libertinage	http://data.mimotext.uni-trier.de/entity/Q2969
http://zora.uni-trier.de:11000/entity/Q2950	littérature clandestine	littérature clandestine	http://data.mimotext.uni-trier.de/entity/Q2970
http://zora.uni-trier.de:11000/entity/Q2951	livre	livre	http://data.mimotext.uni-trier.de/entity/Q2971
http://zora.uni-trier.de:11000/entity/Q2952	Lumières	Lumières	http://data.mimotext.uni-trier.de/entity/Q2972
http://zora.uni-trier.de:11000/entity/Q2953	luxe	luxe	http://data.mimotext.uni-trier.de/entity/Q2973
http://zora.uni-trier.de:11000/entity/Q2954	machine	machine	http://data.mimotext.uni-trier.de/entity/Q2974
http://zora.uni-trier.de:11000/entity/Q2955	magnétisme	magnétisme	http://data.mimotext.uni-trier.de/entity/Q2975
http://zora.uni-trier.de:11000/entity/Q2956	mal	mal	http://data.mimotext.uni-trier.de/entity/Q2976
http://zora.uni-trier.de:11000/entity/Q2957	maladie	maladie	http://data.mimotext.uni-trier.de/entity/Q2977
http://zora.uni-trier.de:11000/entity/Q2958	malheur	malheur	http://data.mimotext.uni-trier.de/entity/Q2978
http://zora.uni-trier.de:11000/entity/Q2959	masque	masque	http://data.mimotext.uni-trier.de/entity/Q2979
http://zora.uni-trier.de:11000/entity/Q2960	matérialisme	matérialisme	http://data.mimotext.uni-trier.de/entity/Q2980
http://zora.uni-trier.de:11000/entity/Q2961	mathématiques	mathématiques	http://data.mimotext.uni-trier.de/entity/Q2981
http://zora.uni-trier.de:11000/entity/Q2962	mécanique	mécanique	http://data.mimotext.uni-trier.de/entity/Q2982
http://zora.uni-trier.de:11000/entity/Q2963	médecine	médecine	http://data.mimotext.uni-trier.de/entity/Q2983
http://zora.uni-trier.de:11000/entity/Q2964	mélancolie	mélancolie	http://data.mimotext.uni-trier.de/entity/Q2984
http://zora.uni-trier.de:11000/entity/Q2965	mémoire	mémoire	http://data.mimotext.uni-trier.de/entity/Q2985
http://zora.uni-trier.de:11000/entity/Q2966	mépris	mépris	http://data.mimotext.uni-trier.de/entity/Q2986
http://zora.uni-trier.de:11000/entity/Q2967	métaphysique	métaphysique	http://data.mimotext.uni-trier.de/entity/Q2987
http://zora.uni-trier.de:11000/entity/Q2968	migration	migration	http://data.mimotext.uni-trier.de/entity/Q2988
http://zora.uni-trier.de:11000/entity/Q2969	minéralogie	minéralogie	http://data.mimotext.uni-trier.de/entity/Q2989
http://zora.uni-trier.de:11000/entity/Q2970	miracle	miracle	http://data.mimotext.uni-trier.de/entity/Q2990
http://zora.uni-trier.de:11000/entity/Q2971	mobilier	mobilier	http://data.mimotext.uni-trier.de/entity/Q2991
http://zora.uni-trier.de:11000/entity/Q2972	mœurs	mœurs	http://data.mimotext.uni-trier.de/entity/Q2992
http://zora.uni-trier.de:11000/entity/Q2973	monade	monade	http://data.mimotext.uni-trier.de/entity/Q2993
http://zora.uni-trier.de:11000/entity/Q2974	monarchie	monarchie	http://data.mimotext.uni-trier.de/entity/Q2994
http://zora.uni-trier.de:11000/entity/Q2975	monstruosité	monstruosité	http://data.mimotext.uni-trier.de/entity/Q2995
http://zora.uni-trier.de:11000/entity/Q2976	montgolfière	montgolfière	http://data.mimotext.uni-trier.de/entity/Q2996
http://zora.uni-trier.de:11000/entity/Q2977	monument	monument	http://data.mimotext.uni-trier.de/entity/Q2997
http://zora.uni-trier.de:11000/entity/Q2978	morale	morale	http://data.mimotext.uni-trier.de/entity/Q2998
http://zora.uni-trier.de:11000/entity/Q2979	mort	mort	http://data.mimotext.uni-trier.de/entity/Q2999
http://zora.uni-trier.de:11000/entity/Q2980	musique	musique	http://data.mimotext.uni-trier.de/entity/Q3000
http://zora.uni-trier.de:11000/entity/Q2981	mystère	mystère	http://data.mimotext.uni-trier.de/entity/Q3001
http://zora.uni-trier.de:11000/entity/Q2982	mystique	mystique	http://data.mimotext.uni-trier.de/entity/Q3002
http://zora.uni-trier.de:11000/entity/Q2983	mythologie	mythologie	http://data.mimotext.uni-trier.de/entity/Q3003
http://zora.uni-trier.de:11000/entity/Q2984	nation	nation	http://data.mimotext.uni-trier.de/entity/Q3004
http://zora.uni-trier.de:11000/entity/Q2985	nature	nature	http://data.mimotext.uni-trier.de/entity/Q3005
http://zora.uni-trier.de:11000/entity/Q2986	naufrage	naufrage	http://data.mimotext.uni-trier.de/entity/Q3006
http://zora.uni-trier.de:11000/entity/Q2987	nécessité	nécessité	http://data.mimotext.uni-trier.de/entity/Q3007
http://zora.uni-trier.de:11000/entity/Q2988	néo-classicisme	néo-classicisme	http://data.mimotext.uni-trier.de/entity/Q3008
http://zora.uni-trier.de:11000/entity/Q2989	newtonianisme	newtonianisme	http://data.mimotext.uni-trier.de/entity/Q3009
http://zora.uni-trier.de:11000/entity/Q2990	noble sauvage'	noble sauvage'	http://data.mimotext.uni-trier.de/entity/Q3010
http://zora.uni-trier.de:11000/entity/Q2991	noblesse	noblesse	http://data.mimotext.uni-trier.de/entity/Q3011
http://zora.uni-trier.de:11000/entity/Q2992	nuit	nuit	http://data.mimotext.uni-trier.de/entity/Q3012
http://zora.uni-trier.de:11000/entity/Q2993	oppression	oppression	http://data.mimotext.uni-trier.de/entity/Q3014
http://zora.uni-trier.de:11000/entity/Q2994	optimisme	optimisme	http://data.mimotext.uni-trier.de/entity/Q3015
http://zora.uni-trier.de:11000/entity/Q2995	optique	optique	http://data.mimotext.uni-trier.de/entity/Q3016
http://zora.uni-trier.de:11000/entity/Q2996	organisation	organisation	http://data.mimotext.uni-trier.de/entity/Q3017
http://zora.uni-trier.de:11000/entity/Q2997	orientalisme	orientalisme	http://data.mimotext.uni-trier.de/entity/Q3018
http://zora.uni-trier.de:11000/entity/Q2998	originalité	originalité	http://data.mimotext.uni-trier.de/entity/Q3019
http://zora.uni-trier.de:11000/entity/Q2999	paix	paix	http://data.mimotext.uni-trier.de/entity/Q3020
http://zora.uni-trier.de:11000/entity/Q3000	pantomime	pantomime	http://data.mimotext.uni-trier.de/entity/Q3021
http://zora.uni-trier.de:11000/entity/Q3001	parade	parade	http://data.mimotext.uni-trier.de/entity/Q3022
http://zora.uni-trier.de:11000/entity/Q3002	paradoxe	paradoxe	http://data.mimotext.uni-trier.de/entity/Q3023
http://zora.uni-trier.de:11000/entity/Q3003	parodie	parodie	http://data.mimotext.uni-trier.de/entity/Q3024
http://zora.uni-trier.de:11000/entity/Q3004	passion	passion	http://data.mimotext.uni-trier.de/entity/Q3025
http://zora.uni-trier.de:11000/entity/Q3005	pastorale en littérature	pastorale en littérature	http://data.mimotext.uni-trier.de/entity/Q3026
http://zora.uni-trier.de:11000/entity/Q3006	patriotisme	patriotisme	http://data.mimotext.uni-trier.de/entity/Q3027
http://zora.uni-trier.de:11000/entity/Q3007	paysannerie	paysannerie	http://data.mimotext.uni-trier.de/entity/Q3028
http://zora.uni-trier.de:11000/entity/Q3008	péché	péché	http://data.mimotext.uni-trier.de/entity/Q3029
http://zora.uni-trier.de:11000/entity/Q3009	pédagogie	pédagogie	http://data.mimotext.uni-trier.de/entity/Q3030
http://zora.uni-trier.de:11000/entity/Q3010	peinture	peinture	http://data.mimotext.uni-trier.de/entity/Q3031
http://zora.uni-trier.de:11000/entity/Q3011	perfectibilité	perfectibilité	http://data.mimotext.uni-trier.de/entity/Q3032
http://zora.uni-trier.de:11000/entity/Q3012	persécution	persécution	http://data.mimotext.uni-trier.de/entity/Q3033
http://zora.uni-trier.de:11000/entity/Q3013	personnalité	personnalité	http://data.mimotext.uni-trier.de/entity/Q3034
http://zora.uni-trier.de:11000/entity/Q3014	perspective	perspective	http://data.mimotext.uni-trier.de/entity/Q3035
http://zora.uni-trier.de:11000/entity/Q3015	pessimisme	pessimisme	http://data.mimotext.uni-trier.de/entity/Q3036
http://zora.uni-trier.de:11000/entity/Q3016	pessimisme culturel	pessimisme culturel	http://data.mimotext.uni-trier.de/entity/Q3037
http://zora.uni-trier.de:11000/entity/Q3017	peuple	peuple	http://data.mimotext.uni-trier.de/entity/Q3038
http://zora.uni-trier.de:11000/entity/Q3018	philosophie	philosophie	http://data.mimotext.uni-trier.de/entity/Q3039
http://zora.uni-trier.de:11000/entity/Q3019	physiognomonie	physiognomonie	http://data.mimotext.uni-trier.de/entity/Q3040
http://zora.uni-trier.de:11000/entity/Q3020	physiologie	physiologie	http://data.mimotext.uni-trier.de/entity/Q3041
http://zora.uni-trier.de:11000/entity/Q3021	physique expérimentale	physique expérimentale	http://data.mimotext.uni-trier.de/entity/Q3042
http://zora.uni-trier.de:11000/entity/Q3022	piétisme	piétisme	http://data.mimotext.uni-trier.de/entity/Q3043
http://zora.uni-trier.de:11000/entity/Q3023	pittoresque	pittoresque	http://data.mimotext.uni-trier.de/entity/Q3044
http://zora.uni-trier.de:11000/entity/Q3024	poésie	poésie	http://data.mimotext.uni-trier.de/entity/Q3045
http://zora.uni-trier.de:11000/entity/Q3025	police	police	http://data.mimotext.uni-trier.de/entity/Q3046
http://zora.uni-trier.de:11000/entity/Q3026	politesse	politesse	http://data.mimotext.uni-trier.de/entity/Q3047
http://zora.uni-trier.de:11000/entity/Q3027	politique	politique	http://data.mimotext.uni-trier.de/entity/Q3048
http://zora.uni-trier.de:11000/entity/Q3028	portrait	portrait	http://data.mimotext.uni-trier.de/entity/Q3049
http://zora.uni-trier.de:11000/entity/Q3029	pouvoir	pouvoir	http://data.mimotext.uni-trier.de/entity/Q3050
http://zora.uni-trier.de:11000/entity/Q3030	préjugé	préjugé	http://data.mimotext.uni-trier.de/entity/Q3051
http://zora.uni-trier.de:11000/entity/Q3031	probabilié	probabilié	http://data.mimotext.uni-trier.de/entity/Q3052
http://zora.uni-trier.de:11000/entity/Q3032	problème	problème	http://data.mimotext.uni-trier.de/entity/Q3053
http://zora.uni-trier.de:11000/entity/Q3033	progrès	progrès	http://data.mimotext.uni-trier.de/entity/Q3054
http://zora.uni-trier.de:11000/entity/Q3034	propriété	propriété	http://data.mimotext.uni-trier.de/entity/Q3055
http://zora.uni-trier.de:11000/entity/Q3035	protestantisme	protestantisme	http://data.mimotext.uni-trier.de/entity/Q3056
http://zora.uni-trier.de:11000/entity/Q3036	proverbe	proverbe	http://data.mimotext.uni-trier.de/entity/Q3057
http://zora.uni-trier.de:11000/entity/Q3037	providence	providence	http://data.mimotext.uni-trier.de/entity/Q3058
http://zora.uni-trier.de:11000/entity/Q3038	psyché	psyché	http://data.mimotext.uni-trier.de/entity/Q3059
http://zora.uni-trier.de:11000/entity/Q3039	Querelle des Anciens et des Modernes	Querelle des Anciens et des Modernes	http://data.mimotext.uni-trier.de/entity/Q3060
http://zora.uni-trier.de:11000/entity/Q3040	raison	raison	http://data.mimotext.uni-trier.de/entity/Q3061
http://zora.uni-trier.de:11000/entity/Q3041	réalité	réalité	http://data.mimotext.uni-trier.de/entity/Q3062
http://zora.uni-trier.de:11000/entity/Q3042	réforme	réforme	http://data.mimotext.uni-trier.de/entity/Q3063
http://zora.uni-trier.de:11000/entity/Q3043	relation amoureuse	relation amoureuse	http://data.mimotext.uni-trier.de/entity/Q3064
http://zora.uni-trier.de:11000/entity/Q3044	relativisme	relativisme	http://data.mimotext.uni-trier.de/entity/Q3065
http://zora.uni-trier.de:11000/entity/Q3045	religion	religion	http://data.mimotext.uni-trier.de/entity/Q3066
http://zora.uni-trier.de:11000/entity/Q3046	République des Lettres	République des Lettres	http://data.mimotext.uni-trier.de/entity/Q3067
http://zora.uni-trier.de:11000/entity/Q3047	rêve	rêve	http://data.mimotext.uni-trier.de/entity/Q3068
http://zora.uni-trier.de:11000/entity/Q3048	révolution	révolution	http://data.mimotext.uni-trier.de/entity/Q3069
http://zora.uni-trier.de:11000/entity/Q3049	rhétorique	rhétorique	http://data.mimotext.uni-trier.de/entity/Q3070
http://zora.uni-trier.de:11000/entity/Q3050	richesse	richesse	http://data.mimotext.uni-trier.de/entity/Q3071
http://zora.uni-trier.de:11000/entity/Q3051	rire	rire	http://data.mimotext.uni-trier.de/entity/Q3072
http://zora.uni-trier.de:11000/entity/Q3052	rivalité	rivalité	http://data.mimotext.uni-trier.de/entity/Q3073
http://zora.uni-trier.de:11000/entity/Q3053	Rococo	Rococo	http://data.mimotext.uni-trier.de/entity/Q3074
http://zora.uni-trier.de:11000/entity/Q3054	rôle de genre	rôle de genre	http://data.mimotext.uni-trier.de/entity/Q3075
http://zora.uni-trier.de:11000/entity/Q11	roman	roman	http://data.mimotext.uni-trier.de/entity/Q3076
http://zora.uni-trier.de:11000/entity/Q3055	roman noir	roman noir	http://data.mimotext.uni-trier.de/entity/Q3077
http://zora.uni-trier.de:11000/entity/Q3056	rumeur	rumeur	http://data.mimotext.uni-trier.de/entity/Q3078
http://zora.uni-trier.de:11000/entity/Q3057	sadisme	sadisme	http://data.mimotext.uni-trier.de/entity/Q3079
http://zora.uni-trier.de:11000/entity/Q3058	satire	satire	http://data.mimotext.uni-trier.de/entity/Q3080
http://zora.uni-trier.de:11000/entity/Q3059	scepticisme	scepticisme	http://data.mimotext.uni-trier.de/entity/Q3081
http://zora.uni-trier.de:11000/entity/Q3060	science	science	http://data.mimotext.uni-trier.de/entity/Q3082
http://zora.uni-trier.de:11000/entity/Q3061	sculpture	sculpture	http://data.mimotext.uni-trier.de/entity/Q3083
http://zora.uni-trier.de:11000/entity/Q3062	séduction	séduction	http://data.mimotext.uni-trier.de/entity/Q3084
http://zora.uni-trier.de:11000/entity/Q3064	sensualisme	sentimentalisme	http://data.mimotext.uni-trier.de/entity/Q3085
http://zora.uni-trier.de:11000/entity/Q3065	sentiment	sensualisme	http://data.mimotext.uni-trier.de/entity/Q3086
http://zora.uni-trier.de:11000/entity/Q3063	sentimentalisme	sentiment	http://data.mimotext.uni-trier.de/entity/Q3087
http://zora.uni-trier.de:11000/entity/Q3066	sexualité	sexualité	http://data.mimotext.uni-trier.de/entity/Q3088
http://zora.uni-trier.de:11000/entity/Q3067	sociabilité	sociabilité	http://data.mimotext.uni-trier.de/entity/Q3089
http://zora.uni-trier.de:11000/entity/Q3068	société	société	http://data.mimotext.uni-trier.de/entity/Q3090
http://zora.uni-trier.de:11000/entity/Q3069	soldat	soldat	http://data.mimotext.uni-trier.de/entity/Q3091
http://zora.uni-trier.de:11000/entity/Q3070	solitude	solitude	http://data.mimotext.uni-trier.de/entity/Q3092
http://zora.uni-trier.de:11000/entity/Q3071	sorcellerie	sorcellerie	http://data.mimotext.uni-trier.de/entity/Q3093
http://zora.uni-trier.de:11000/entity/Q3072	souffrance	souffrance	http://data.mimotext.uni-trier.de/entity/Q3094
http://zora.uni-trier.de:11000/entity/Q3073	statistique	statistique	http://data.mimotext.uni-trier.de/entity/Q3095
http://zora.uni-trier.de:11000/entity/Q3074	sublime	sublime	http://data.mimotext.uni-trier.de/entity/Q3096
http://zora.uni-trier.de:11000/entity/Q3075	suicide	suicide	http://data.mimotext.uni-trier.de/entity/Q3097
http://zora.uni-trier.de:11000/entity/Q3076	superstition	superstition	http://data.mimotext.uni-trier.de/entity/Q3098
http://zora.uni-trier.de:11000/entity/Q3077	technique	technique	http://data.mimotext.uni-trier.de/entity/Q3099
http://zora.uni-trier.de:11000/entity/Q3078	temps	temps	http://data.mimotext.uni-trier.de/entity/Q3100
http://zora.uni-trier.de:11000/entity/Q3079	terreur	terreur	http://data.mimotext.uni-trier.de/entity/Q3101
http://zora.uni-trier.de:11000/entity/Q3080	Théodicée	Théodicée	http://data.mimotext.uni-trier.de/entity/Q3102
http://zora.uni-trier.de:11000/entity/Q3081	théologie	théologie	http://data.mimotext.uni-trier.de/entity/Q3103
http://zora.uni-trier.de:11000/entity/Q3082	tolérance	tolérance	http://data.mimotext.uni-trier.de/entity/Q3104
http://zora.uni-trier.de:11000/entity/Q3083	tradition	tradition	http://data.mimotext.uni-trier.de/entity/Q3105
http://zora.uni-trier.de:11000/entity/Q3084	traduction	traduction	http://data.mimotext.uni-trier.de/entity/Q3106
http://zora.uni-trier.de:11000/entity/Q3085	tragédie	tragédie	http://data.mimotext.uni-trier.de/entity/Q3107
http://zora.uni-trier.de:11000/entity/Q3086	transport	transport	http://data.mimotext.uni-trier.de/entity/Q3108
http://zora.uni-trier.de:11000/entity/Q3087	travail	travail	http://data.mimotext.uni-trier.de/entity/Q3109
http://zora.uni-trier.de:11000/entity/Q3088	troubadour	troubadour	http://data.mimotext.uni-trier.de/entity/Q3110
http://zora.uni-trier.de:11000/entity/Q3089	tyrannie	tyrannie	http://data.mimotext.uni-trier.de/entity/Q3111
http://zora.uni-trier.de:11000/entity/Q3090	universaux	universalisme	http://data.mimotext.uni-trier.de/entity/Q3112
http://zora.uni-trier.de:11000/entity/Q3091	urbanisme	urbanisme	http://data.mimotext.uni-trier.de/entity/Q3113
http://zora.uni-trier.de:11000/entity/Q3092	utilitarisme	utilitarisme	http://data.mimotext.uni-trier.de/entity/Q3114
http://zora.uni-trier.de:11000/entity/Q3093	utopie	utopie	http://data.mimotext.uni-trier.de/entity/Q3115
http://zora.uni-trier.de:11000/entity/Q3094	valeur	valeur	http://data.mimotext.uni-trier.de/entity/Q3116
http://zora.uni-trier.de:11000/entity/Q3095	vanité	vanité	http://data.mimotext.uni-trier.de/entity/Q3117
http://zora.uni-trier.de:11000/entity/Q3096	vengeance	vengeance	http://data.mimotext.uni-trier.de/entity/Q3118
http://zora.uni-trier.de:11000/entity/Q3097	vérité	vérité	http://data.mimotext.uni-trier.de/entity/Q3119
http://zora.uni-trier.de:11000/entity/Q3098	vertu	vertu	http://data.mimotext.uni-trier.de/entity/Q3120
http://zora.uni-trier.de:11000/entity/Q3099	vie	vie	http://data.mimotext.uni-trier.de/entity/Q3121
http://zora.uni-trier.de:11000/entity/Q3100	vie quotidienne	vie quotidienne	http://data.mimotext.uni-trier.de/entity/Q3122
http://zora.uni-trier.de:11000/entity/Q3101		violence	http://data.mimotext.uni-trier.de/entity/Q3123
http://zora.uni-trier.de:11000/entity/Q3102	volcanisme	volcanisme	http://data.mimotext.uni-trier.de/entity/Q3124
http://zora.uni-trier.de:11000/entity/Q3103	volonté	volonté	http://data.mimotext.uni-trier.de/entity/Q3125
http://zora.uni-trier.de:11000/entity/Q3104	voyage	voyage	http://data.mimotext.uni-trier.de/entity/Q3126
http://zora.uni-trier.de:11000/entity/Q3105	vulgarisation	vulgarisation	http://data.mimotext.uni-trier.de/entity/Q3127
http://zora.uni-trier.de:11000/entity/Q3106	zoologie	zoologie	http://data.mimotext.uni-trier.de/entity/Q3128
http://zora.uni-trier.de:11000/entity/Q3508	Paris	Paris	http://data.mimotext.uni-trier.de/entity/Q3521
http://zora.uni-trier.de:11000/entity/Q3179	France	France	http://data.mimotext.uni-trier.de/entity/Q3199
http://zora.uni-trier.de:11000/entity/Q3255	Angleterre 	Angleterre 	http://data.mimotext.uni-trier.de/entity/Q3275
http://zora.uni-trier.de:11000/entity/Q3150	Pérou	Pérou	http://data.mimotext.uni-trier.de/entity/Q3390
http://zora.uni-trier.de:11000/entity/Q3307	Chine	Chine	http://data.mimotext.uni-trier.de/entity/Q3326
http://zora.uni-trier.de:11000/entity/Q3381	monastère 	monastère 	http://data.mimotext.uni-trier.de/entity/Q3397
http://zora.uni-trier.de:11000/entity/Q3123	ruine	ruine	http://data.mimotext.uni-trier.de/entity/Q3145
http://zora.uni-trier.de:11000/entity/Q3277	île	île	http://data.mimotext.uni-trier.de/entity/Q3297
http://zora.uni-trier.de:11000/entity/Q3405	ville	ville	http://data.mimotext.uni-trier.de/entity/Q3419
http://zora.uni-trier.de:11000/entity/Q3363	prison	prison	http://data.mimotext.uni-trier.de/entity/Q3379
http://zora.uni-trier.de:11000/entity/Q3249	Orient	Orient	http://data.mimotext.uni-trier.de/entity/Q3269
http://zora.uni-trier.de:11000/entity/Q3120	paysage	paysage	http://data.mimotext.uni-trier.de/entity/Q3142
http://data.mimotext.uni-trier.de/entity/Q3013	Alpes	Alpes	http://data.mimotext.uni-trier.de/entity/Q3180
http://zora.uni-trier.de:11000/entity/Q3408	village	village	http://data.mimotext.uni-trier.de/entity/Q3422
http://zora.uni-trier.de:11000/entity/Q3133	théâtre	théâtre	http://data.mimotext.uni-trier.de/entity/Q3155
http://zora.uni-trier.de:11000/entity/Q3243	terre	terre	http://data.mimotext.uni-trier.de/entity/Q3263
http://zora.uni-trier.de:11000/entity/Q3554	Europe	Europe	http://data.mimotext.uni-trier.de/entity/Q3401
