theme	themeLabel
http://zora.uni-trier.de:11000/entity/Q2741	(art) gothique
http://zora.uni-trier.de:11000/entity/Q2761	Anti-Lumières
http://zora.uni-trier.de:11000/entity/Q2789	Capitalisme
http://zora.uni-trier.de:11000/entity/Q2790	Caricature
http://zora.uni-trier.de:11000/entity/Q2812	Commedia dell'arte
http://zora.uni-trier.de:11000/entity/Q2819	Contrat social
http://zora.uni-trier.de:11000/entity/Q2850	Dieu
http://zora.uni-trier.de:11000/entity/Q2908	Grand Tour
http://zora.uni-trier.de:11000/entity/Q2934	Islam
http://zora.uni-trier.de:11000/entity/Q2939	Judaïsme
http://zora.uni-trier.de:11000/entity/Q2952	Lumières
http://zora.uni-trier.de:11000/entity/Q3039	Querelle des Anciens et des Modernes
http://zora.uni-trier.de:11000/entity/Q3053	Rococo
http://zora.uni-trier.de:11000/entity/Q3046	République des Lettres
http://zora.uni-trier.de:11000/entity/Q3080	Théodicée
http://zora.uni-trier.de:11000/entity/Q2742	absolutisme éclairé
http://zora.uni-trier.de:11000/entity/Q2743	abus de mots
http://zora.uni-trier.de:11000/entity/Q2744	académie
http://zora.uni-trier.de:11000/entity/Q2745	accouchement
http://zora.uni-trier.de:11000/entity/Q2746	acoustique
http://zora.uni-trier.de:11000/entity/Q2747	administration
http://zora.uni-trier.de:11000/entity/Q2748	affinité
http://zora.uni-trier.de:11000/entity/Q2749	agriculture
http://zora.uni-trier.de:11000/entity/Q2750	aide sociale
http://zora.uni-trier.de:11000/entity/Q2751	alchimie
http://zora.uni-trier.de:11000/entity/Q2752	algèbre
http://zora.uni-trier.de:11000/entity/Q2753	alimentation
http://zora.uni-trier.de:11000/entity/Q2754	allégorie
http://zora.uni-trier.de:11000/entity/Q2756	amitié
http://zora.uni-trier.de:11000/entity/Q2757	amour
http://zora.uni-trier.de:11000/entity/Q2758	anarchie
http://zora.uni-trier.de:11000/entity/Q2759	anatomie
http://zora.uni-trier.de:11000/entity/Q2760	anthropocentrisme
http://zora.uni-trier.de:11000/entity/Q2762	antiquité
http://zora.uni-trier.de:11000/entity/Q2763	anxiété
http://zora.uni-trier.de:11000/entity/Q2764	apologétique
http://zora.uni-trier.de:11000/entity/Q2766	architecture
http://zora.uni-trier.de:11000/entity/Q2765	archéologie
http://zora.uni-trier.de:11000/entity/Q2767	armée
http://zora.uni-trier.de:11000/entity/Q2768	art
http://zora.uni-trier.de:11000/entity/Q2769	astronomie
http://zora.uni-trier.de:11000/entity/Q2770	athéisme
http://zora.uni-trier.de:11000/entity/Q2771	attraction
http://zora.uni-trier.de:11000/entity/Q2772	autobiographie
http://zora.uni-trier.de:11000/entity/Q2773	autoréflexivité
http://zora.uni-trier.de:11000/entity/Q2774	aventure
http://zora.uni-trier.de:11000/entity/Q2775	balistique
http://zora.uni-trier.de:11000/entity/Q2776	banque
http://zora.uni-trier.de:11000/entity/Q2777	barbare
http://zora.uni-trier.de:11000/entity/Q2778	baroque
http://zora.uni-trier.de:11000/entity/Q2779	beauté
http://zora.uni-trier.de:11000/entity/Q2780	bible
http://zora.uni-trier.de:11000/entity/Q2781	bibliophilie
http://zora.uni-trier.de:11000/entity/Q2782	bibliothèque
http://zora.uni-trier.de:11000/entity/Q2783	bien
http://zora.uni-trier.de:11000/entity/Q2784	bienfaisance
http://zora.uni-trier.de:11000/entity/Q2785	bonheur
http://zora.uni-trier.de:11000/entity/Q2786	botanique
http://zora.uni-trier.de:11000/entity/Q2787	bouffon
http://zora.uni-trier.de:11000/entity/Q2788	bureaucratie
http://zora.uni-trier.de:11000/entity/Q2791	cartographie
http://zora.uni-trier.de:11000/entity/Q2792	castration
http://zora.uni-trier.de:11000/entity/Q2793	catastrophe
http://zora.uni-trier.de:11000/entity/Q2794	catholicisme
http://zora.uni-trier.de:11000/entity/Q2795	censure
http://zora.uni-trier.de:11000/entity/Q2796	chaleur
http://zora.uni-trier.de:11000/entity/Q2797	chanson
http://zora.uni-trier.de:11000/entity/Q2798	chevalerie
http://zora.uni-trier.de:11000/entity/Q2799	chimie
http://zora.uni-trier.de:11000/entity/Q2800	chirurgie
http://zora.uni-trier.de:11000/entity/Q2801	christianisme
http://zora.uni-trier.de:11000/entity/Q2802	citoyenneté
http://zora.uni-trier.de:11000/entity/Q2803	civilisation
http://zora.uni-trier.de:11000/entity/Q2804	classe sociale
http://zora.uni-trier.de:11000/entity/Q2805	classicisme
http://zora.uni-trier.de:11000/entity/Q2806	classification
http://zora.uni-trier.de:11000/entity/Q2807	clergé
http://zora.uni-trier.de:11000/entity/Q2808	collectivisme
http://zora.uni-trier.de:11000/entity/Q2809	colonialisme
http://zora.uni-trier.de:11000/entity/Q2810	colportage
http://zora.uni-trier.de:11000/entity/Q2813	commerce
http://zora.uni-trier.de:11000/entity/Q2814	communauté
http://zora.uni-trier.de:11000/entity/Q2811	comédie
http://zora.uni-trier.de:11000/entity/Q2815	confrérie
http://zora.uni-trier.de:11000/entity/Q2816	conte
http://zora.uni-trier.de:11000/entity/Q2817	conte merveilleux/de fées
http://zora.uni-trier.de:11000/entity/Q2818	contingence
http://zora.uni-trier.de:11000/entity/Q2820	contre-révolution
http://zora.uni-trier.de:11000/entity/Q2821	conversation
http://zora.uni-trier.de:11000/entity/Q2822	conversion religieuse
http://zora.uni-trier.de:11000/entity/Q2823	corporation
http://zora.uni-trier.de:11000/entity/Q2824	corps
http://zora.uni-trier.de:11000/entity/Q2825	correspondance
http://zora.uni-trier.de:11000/entity/Q2826	correspondance littéraire
http://zora.uni-trier.de:11000/entity/Q2827	cosmopolitisme
http://zora.uni-trier.de:11000/entity/Q2828	couleur
http://zora.uni-trier.de:11000/entity/Q2829	crime
http://zora.uni-trier.de:11000/entity/Q2830	critique d'art
http://zora.uni-trier.de:11000/entity/Q2831	critique sociale
http://zora.uni-trier.de:11000/entity/Q2832	culpabilité
http://zora.uni-trier.de:11000/entity/Q2833	culture populaire
http://zora.uni-trier.de:11000/entity/Q2834	curiosité
http://zora.uni-trier.de:11000/entity/Q2835	danse
http://zora.uni-trier.de:11000/entity/Q2843	dessin
http://zora.uni-trier.de:11000/entity/Q2844	destin
http://zora.uni-trier.de:11000/entity/Q2845	deuil
http://zora.uni-trier.de:11000/entity/Q2846	devoir
http://zora.uni-trier.de:11000/entity/Q2847	diable
http://zora.uni-trier.de:11000/entity/Q2848	dialogue
http://zora.uni-trier.de:11000/entity/Q2849	dictionnaire
http://zora.uni-trier.de:11000/entity/Q2851	difformité
http://zora.uni-trier.de:11000/entity/Q2852	dilettantisme
http://zora.uni-trier.de:11000/entity/Q2853	domestique
http://zora.uni-trier.de:11000/entity/Q2854	drame
http://zora.uni-trier.de:11000/entity/Q2855	droit
http://zora.uni-trier.de:11000/entity/Q2856	droit naturel
http://zora.uni-trier.de:11000/entity/Q2857	droit public
http://zora.uni-trier.de:11000/entity/Q2858	droits de l'homme
http://zora.uni-trier.de:11000/entity/Q2859	dystopie
http://zora.uni-trier.de:11000/entity/Q2836	décadence
http://zora.uni-trier.de:11000/entity/Q2837	déchristianisation
http://zora.uni-trier.de:11000/entity/Q2838	décoration
http://zora.uni-trier.de:11000/entity/Q2839	déisme
http://zora.uni-trier.de:11000/entity/Q2840	démocratie
http://zora.uni-trier.de:11000/entity/Q2841	démographie
http://zora.uni-trier.de:11000/entity/Q2842	dérision
http://zora.uni-trier.de:11000/entity/Q2869	empirisme
http://zora.uni-trier.de:11000/entity/Q2870	encyclopédie
http://zora.uni-trier.de:11000/entity/Q2872	enfance
http://zora.uni-trier.de:11000/entity/Q2873	enthousiasme
http://zora.uni-trier.de:11000/entity/Q2874	envie
http://zora.uni-trier.de:11000/entity/Q2877	esclavage
http://zora.uni-trier.de:11000/entity/Q2879	espoir
http://zora.uni-trier.de:11000/entity/Q2878	espèce
http://zora.uni-trier.de:11000/entity/Q2880	essai
http://zora.uni-trier.de:11000/entity/Q2881	esthétique
http://zora.uni-trier.de:11000/entity/Q2884	exotisme
http://zora.uni-trier.de:11000/entity/Q2885	expérience
http://zora.uni-trier.de:11000/entity/Q2886	fable
http://zora.uni-trier.de:11000/entity/Q2887	famille
http://zora.uni-trier.de:11000/entity/Q2888	fanatisme
http://zora.uni-trier.de:11000/entity/Q2890	femme de lettres
http://zora.uni-trier.de:11000/entity/Q2891	femme fatale
http://zora.uni-trier.de:11000/entity/Q2894	finance
http://zora.uni-trier.de:11000/entity/Q2895	folie
http://zora.uni-trier.de:11000/entity/Q2896	franc-maçonnerie
http://zora.uni-trier.de:11000/entity/Q2897	fuite
http://zora.uni-trier.de:11000/entity/Q2898	futur
http://zora.uni-trier.de:11000/entity/Q2889	féminisme
http://zora.uni-trier.de:11000/entity/Q2892	féodalité
http://zora.uni-trier.de:11000/entity/Q2893	fête
http://zora.uni-trier.de:11000/entity/Q2899	galanterie
http://zora.uni-trier.de:11000/entity/Q2906	gouvernement
http://zora.uni-trier.de:11000/entity/Q2905	goût
http://zora.uni-trier.de:11000/entity/Q2907	grammaire
http://zora.uni-trier.de:11000/entity/Q2909	grotesque
http://zora.uni-trier.de:11000/entity/Q2910	guerre
http://zora.uni-trier.de:11000/entity/Q2901	génie
http://zora.uni-trier.de:11000/entity/Q2900	génération
http://zora.uni-trier.de:11000/entity/Q2902	géographie
http://zora.uni-trier.de:11000/entity/Q2903	géologie
http://zora.uni-trier.de:11000/entity/Q2904	géométrie
http://zora.uni-trier.de:11000/entity/Q2911	haine
http://zora.uni-trier.de:11000/entity/Q2913	histoire
http://zora.uni-trier.de:11000/entity/Q2914	histoire naturelle
http://zora.uni-trier.de:11000/entity/Q2915	humanité
http://zora.uni-trier.de:11000/entity/Q2916	hypocrisie
http://zora.uni-trier.de:11000/entity/Q2912	héros
http://zora.uni-trier.de:11000/entity/Q2919	identité
http://zora.uni-trier.de:11000/entity/Q2921	idolâtrie
http://zora.uni-trier.de:11000/entity/Q2917	idéal
http://zora.uni-trier.de:11000/entity/Q2918	idée
http://zora.uni-trier.de:11000/entity/Q2920	idéologie
http://zora.uni-trier.de:11000/entity/Q2922	illusion
http://zora.uni-trier.de:11000/entity/Q2923	illustration
http://zora.uni-trier.de:11000/entity/Q2924	imagination
http://zora.uni-trier.de:11000/entity/Q2925	imitation
http://zora.uni-trier.de:11000/entity/Q2926	imprimerie
http://zora.uni-trier.de:11000/entity/Q2927	inceste
http://zora.uni-trier.de:11000/entity/Q2928	individualisme
http://zora.uni-trier.de:11000/entity/Q2929	industrialisation
http://zora.uni-trier.de:11000/entity/Q2930	inimitié
http://zora.uni-trier.de:11000/entity/Q2931	inspiration
http://zora.uni-trier.de:11000/entity/Q2932	interaction
http://zora.uni-trier.de:11000/entity/Q2933	ironie
http://zora.uni-trier.de:11000/entity/Q2935	jalousie
http://zora.uni-trier.de:11000/entity/Q2937	joie
http://zora.uni-trier.de:11000/entity/Q2938	journalisme
http://zora.uni-trier.de:11000/entity/Q2940	jugement
http://zora.uni-trier.de:11000/entity/Q2941	justice
http://zora.uni-trier.de:11000/entity/Q2942	justice
http://zora.uni-trier.de:11000/entity/Q2936	jésuite
http://zora.uni-trier.de:11000/entity/Q2944	laideur
http://zora.uni-trier.de:11000/entity/Q2945	langue
http://zora.uni-trier.de:11000/entity/Q2943	laïcisation
http://zora.uni-trier.de:11000/entity/Q2946	lecture
http://zora.uni-trier.de:11000/entity/Q2949	libertinage
http://zora.uni-trier.de:11000/entity/Q2948	liberté
http://zora.uni-trier.de:11000/entity/Q2947	libéralisme
http://zora.uni-trier.de:11000/entity/Q2950	littérature clandestine
http://zora.uni-trier.de:11000/entity/Q2951	livre
http://zora.uni-trier.de:11000/entity/Q2953	luxe
http://zora.uni-trier.de:11000/entity/Q2954	machine
http://zora.uni-trier.de:11000/entity/Q2955	magnétisme
http://zora.uni-trier.de:11000/entity/Q2956	mal
http://zora.uni-trier.de:11000/entity/Q2957	maladie
http://zora.uni-trier.de:11000/entity/Q2958	malheur
http://zora.uni-trier.de:11000/entity/Q2959	masque
http://zora.uni-trier.de:11000/entity/Q2961	mathématiques
http://zora.uni-trier.de:11000/entity/Q2960	matérialisme
http://zora.uni-trier.de:11000/entity/Q2968	migration
http://zora.uni-trier.de:11000/entity/Q2969	minéralogie
http://zora.uni-trier.de:11000/entity/Q2970	miracle
http://zora.uni-trier.de:11000/entity/Q2971	mobilier
http://zora.uni-trier.de:11000/entity/Q2973	monade
http://zora.uni-trier.de:11000/entity/Q2974	monarchie
http://zora.uni-trier.de:11000/entity/Q2975	monstruosité
http://zora.uni-trier.de:11000/entity/Q2976	montgolfière
http://zora.uni-trier.de:11000/entity/Q2977	monument
http://zora.uni-trier.de:11000/entity/Q2978	morale
http://zora.uni-trier.de:11000/entity/Q2979	mort
http://zora.uni-trier.de:11000/entity/Q2980	musique
http://zora.uni-trier.de:11000/entity/Q2982	mystique
http://zora.uni-trier.de:11000/entity/Q2981	mystère
http://zora.uni-trier.de:11000/entity/Q2983	mythologie
http://zora.uni-trier.de:11000/entity/Q2962	mécanique
http://zora.uni-trier.de:11000/entity/Q2963	médecine
http://zora.uni-trier.de:11000/entity/Q2964	mélancolie
http://zora.uni-trier.de:11000/entity/Q2965	mémoire
http://zora.uni-trier.de:11000/entity/Q2966	mépris
http://zora.uni-trier.de:11000/entity/Q2967	métaphysique
http://zora.uni-trier.de:11000/entity/Q2972	mœurs
http://zora.uni-trier.de:11000/entity/Q2984	nation
http://zora.uni-trier.de:11000/entity/Q2985	nature
http://zora.uni-trier.de:11000/entity/Q2986	naufrage
http://zora.uni-trier.de:11000/entity/Q2989	newtonianisme
http://zora.uni-trier.de:11000/entity/Q2990	noble sauvage'
http://zora.uni-trier.de:11000/entity/Q2991	noblesse
http://zora.uni-trier.de:11000/entity/Q2992	nuit
http://zora.uni-trier.de:11000/entity/Q2987	nécessité
http://zora.uni-trier.de:11000/entity/Q2988	néo-classicisme
http://zora.uni-trier.de:11000/entity/Q2993	oppression
http://zora.uni-trier.de:11000/entity/Q2994	optimisme
http://zora.uni-trier.de:11000/entity/Q2995	optique
http://zora.uni-trier.de:11000/entity/Q2996	organisation
http://zora.uni-trier.de:11000/entity/Q2997	orientalisme
http://zora.uni-trier.de:11000/entity/Q2998	originalité
http://zora.uni-trier.de:11000/entity/Q2999	paix
http://zora.uni-trier.de:11000/entity/Q3000	pantomime
http://zora.uni-trier.de:11000/entity/Q3001	parade
http://zora.uni-trier.de:11000/entity/Q3002	paradoxe
http://zora.uni-trier.de:11000/entity/Q3003	parodie
http://zora.uni-trier.de:11000/entity/Q3004	passion
http://zora.uni-trier.de:11000/entity/Q3005	pastorale en littérature
http://zora.uni-trier.de:11000/entity/Q3006	patriotisme
http://zora.uni-trier.de:11000/entity/Q3007	paysannerie
http://zora.uni-trier.de:11000/entity/Q3010	peinture
http://zora.uni-trier.de:11000/entity/Q3011	perfectibilité
http://zora.uni-trier.de:11000/entity/Q3013	personnalité
http://zora.uni-trier.de:11000/entity/Q3014	perspective
http://zora.uni-trier.de:11000/entity/Q3012	persécution
http://zora.uni-trier.de:11000/entity/Q3015	pessimisme
http://zora.uni-trier.de:11000/entity/Q3016	pessimisme culturel
http://zora.uni-trier.de:11000/entity/Q3017	peuple
http://zora.uni-trier.de:11000/entity/Q3018	philosophie
http://zora.uni-trier.de:11000/entity/Q3019	physiognomonie
http://zora.uni-trier.de:11000/entity/Q3020	physiologie
http://zora.uni-trier.de:11000/entity/Q3021	physique expérimentale
http://zora.uni-trier.de:11000/entity/Q3023	pittoresque
http://zora.uni-trier.de:11000/entity/Q3022	piétisme
http://zora.uni-trier.de:11000/entity/Q3025	police
http://zora.uni-trier.de:11000/entity/Q3026	politesse
http://zora.uni-trier.de:11000/entity/Q3027	politique
http://zora.uni-trier.de:11000/entity/Q3028	portrait
http://zora.uni-trier.de:11000/entity/Q3029	pouvoir
http://zora.uni-trier.de:11000/entity/Q3024	poésie
http://zora.uni-trier.de:11000/entity/Q3031	probabilié
http://zora.uni-trier.de:11000/entity/Q3032	problème
http://zora.uni-trier.de:11000/entity/Q3033	progrès
http://zora.uni-trier.de:11000/entity/Q3034	propriété
http://zora.uni-trier.de:11000/entity/Q3035	protestantisme
http://zora.uni-trier.de:11000/entity/Q3036	proverbe
http://zora.uni-trier.de:11000/entity/Q3037	providence
http://zora.uni-trier.de:11000/entity/Q3030	préjugé
http://zora.uni-trier.de:11000/entity/Q3038	psyché
http://zora.uni-trier.de:11000/entity/Q3008	péché
http://zora.uni-trier.de:11000/entity/Q3009	pédagogie
http://zora.uni-trier.de:11000/entity/Q3040	raison
http://zora.uni-trier.de:11000/entity/Q3043	relation amoureuse
http://zora.uni-trier.de:11000/entity/Q3044	relativisme
http://zora.uni-trier.de:11000/entity/Q3045	religion
http://zora.uni-trier.de:11000/entity/Q3049	rhétorique
http://zora.uni-trier.de:11000/entity/Q3050	richesse
http://zora.uni-trier.de:11000/entity/Q3051	rire
http://zora.uni-trier.de:11000/entity/Q3052	rivalité
http://zora.uni-trier.de:11000/entity/Q11	roman
http://zora.uni-trier.de:11000/entity/Q3055	roman noir
http://zora.uni-trier.de:11000/entity/Q3056	rumeur
http://zora.uni-trier.de:11000/entity/Q3041	réalité
http://zora.uni-trier.de:11000/entity/Q3042	réforme
http://zora.uni-trier.de:11000/entity/Q3048	révolution
http://zora.uni-trier.de:11000/entity/Q3047	rêve
http://zora.uni-trier.de:11000/entity/Q3054	rôle de genre
http://zora.uni-trier.de:11000/entity/Q3057	sadisme
http://zora.uni-trier.de:11000/entity/Q3058	satire
http://zora.uni-trier.de:11000/entity/Q3059	scepticisme
http://zora.uni-trier.de:11000/entity/Q3060	science
http://zora.uni-trier.de:11000/entity/Q3061	sculpture
http://zora.uni-trier.de:11000/entity/Q3064	sensualisme
http://zora.uni-trier.de:11000/entity/Q3065	sentiment
http://zora.uni-trier.de:11000/entity/Q3063	sentimentalisme
http://zora.uni-trier.de:11000/entity/Q3066	sexualité
http://zora.uni-trier.de:11000/entity/Q3067	sociabilité
http://zora.uni-trier.de:11000/entity/Q3068	société
http://zora.uni-trier.de:11000/entity/Q3069	soldat
http://zora.uni-trier.de:11000/entity/Q3070	solitude
http://zora.uni-trier.de:11000/entity/Q3071	sorcellerie
http://zora.uni-trier.de:11000/entity/Q3072	souffrance
http://zora.uni-trier.de:11000/entity/Q3073	statistique
http://zora.uni-trier.de:11000/entity/Q3074	sublime
http://zora.uni-trier.de:11000/entity/Q3075	suicide
http://zora.uni-trier.de:11000/entity/Q3076	superstition
http://zora.uni-trier.de:11000/entity/Q3062	séduction
http://zora.uni-trier.de:11000/entity/Q3077	technique
http://zora.uni-trier.de:11000/entity/Q3078	temps
http://zora.uni-trier.de:11000/entity/Q3079	terreur
http://zora.uni-trier.de:11000/entity/Q3081	théologie
http://zora.uni-trier.de:11000/entity/Q3082	tolérance
http://zora.uni-trier.de:11000/entity/Q3083	tradition
http://zora.uni-trier.de:11000/entity/Q3084	traduction
http://zora.uni-trier.de:11000/entity/Q3085	tragédie
http://zora.uni-trier.de:11000/entity/Q3086	transport
http://zora.uni-trier.de:11000/entity/Q3087	travail
http://zora.uni-trier.de:11000/entity/Q3088	troubadour
http://zora.uni-trier.de:11000/entity/Q3089	tyrannie
http://zora.uni-trier.de:11000/entity/Q3090	universaux
http://zora.uni-trier.de:11000/entity/Q3091	urbanisme
http://zora.uni-trier.de:11000/entity/Q3092	utilitarisme
http://zora.uni-trier.de:11000/entity/Q3093	utopie
http://zora.uni-trier.de:11000/entity/Q3094	valeur
http://zora.uni-trier.de:11000/entity/Q3095	vanité
http://zora.uni-trier.de:11000/entity/Q3096	vengeance
http://zora.uni-trier.de:11000/entity/Q3098	vertu
http://zora.uni-trier.de:11000/entity/Q3099	vie
http://zora.uni-trier.de:11000/entity/Q3100	vie quotidienne
http://zora.uni-trier.de:11000/entity/Q3101	violence
http://zora.uni-trier.de:11000/entity/Q3102	volcanisme
http://zora.uni-trier.de:11000/entity/Q3103	volonté
http://zora.uni-trier.de:11000/entity/Q3104	voyage
http://zora.uni-trier.de:11000/entity/Q3105	vulgarisation
http://zora.uni-trier.de:11000/entity/Q3097	vérité
http://zora.uni-trier.de:11000/entity/Q3106	zoologie
http://zora.uni-trier.de:11000/entity/Q2882	État
http://zora.uni-trier.de:11000/entity/Q2755	âme
http://zora.uni-trier.de:11000/entity/Q2860	éclectisme
http://zora.uni-trier.de:11000/entity/Q2861	économie
http://zora.uni-trier.de:11000/entity/Q2862	écriture
http://zora.uni-trier.de:11000/entity/Q2863	éducation
http://zora.uni-trier.de:11000/entity/Q2864	égalité
http://zora.uni-trier.de:11000/entity/Q2865	égoïsme
http://zora.uni-trier.de:11000/entity/Q2866	égyptomanie
http://zora.uni-trier.de:11000/entity/Q2867	électricité
http://zora.uni-trier.de:11000/entity/Q2868	éloquence
http://zora.uni-trier.de:11000/entity/Q2871	énergie
http://zora.uni-trier.de:11000/entity/Q2875	épicurisme
http://zora.uni-trier.de:11000/entity/Q2876	érotisme
http://zora.uni-trier.de:11000/entity/Q2883	état de nature
http://zora.uni-trier.de:11000/entity/Q10	être humain
